﻿pos_x,pos_y,rotation,side,designator,mpn,pack,value,mount_type,place
129.75,-73.0,-90.0,top,C1,CC0805KRX7R9BB104,C_0805_2012Metric,0.1uF,smt,True
174.5,-134.25,-90.0,top,C11,CC0805JRNPO9BN220,C_0805_2012Metric,22pF,smt,True
141.5,-104.0,135.0,top,C12,CC0805KRX7R9BB104,C_0805_2012Metric,0.1uF,smt,True
138.5,-119.5,-135.0,top,C13,CC0805KRX7R9BB104,C_0805_2012Metric,0.1uF,smt,True
151.25,-120.25,-45.0,top,C14,CC0805KRX7R9BB104,C_0805_2012Metric,0.1uF,smt,True
152.25,-108.25,45.0,top,C15,CC0805KRX7R9BB104,C_0805_2012Metric,0.1uF,smt,True
161.5,-69.5,-90.0,top,C2,CC0805JRNPO9BN470,C_0805_2012Metric,47pF,smt,True
161.5,-64.75,90.0,top,C3,CC0805JRNPO9BN470,C_0805_2012Metric,47pF,smt,True
135.25,-68.0,-90.0,top,C4,CC0805KRX7R9BB104,C_0805_2012Metric,0.1uF,smt,True
183.0,-77.0,0.0,top,C5,TAJR475K010RNJ,C_0805_2012Metric,4.7uF,smt,True
179.0,-73.75,0.0,top,C6,CC0805KRX7R9BB103,C_0805_2012Metric,10nF,smt,True
157.25,-74.5,180.0,top,C7,CC0805KRX7R9BB104,C_0805_2012Metric,0.1uF,smt,True
166.75,-150.0,0.0,top,D1,LTST-C170KFKT,LED_0805_2012Metric,TxLED,smt,True
144.5,-150.0,0.0,top,D2,LTST-C170KFKT,LED_0805_2012Metric,RxLED,smt,True
122.25,-150.0,0.0,top,D3,LTST-C170GKT,LED_0805_2012Metric,PwrLED,smt,True
170.0,-73.75,0.0,top,FB1,MI0805K400R-10,R_0805_2012Metric,FerriteBead,smt,True
179.0,-106.5,0.0,top,H1,,MountingHole_3.2mm_M3,MountingHole,tht,True
110.0,-106.5,0.0,top,H2,,MountingHole_3.2mm_M3,MountingHole,tht,True
175.0,-66.0625,180.0,top,J1,USB4110-GF-A,GCT_USB4110GFA,USB_C_Receptacle_USB2.0,smt,True
164.75,-114.25,0.0,top,J2,M20-8760342,PinHeader_2x03_P2.54mm_Vertical_SMD,ICSP,smt,True
177.135,-120.2,-90.0,top,J3,M20-8760342,Tag-Connect_TC2030-IDC-FP_2x03_P1.27mm_Vertical,ICSP,tht,True
185.0,-63.75,180.0,top,R1,RC0805JR-075K1L,R_0805_2012Metric,5k1,smt,True
185.0,-68.75,180.0,top,R2,RC0805JR-075K1L,R_0805_2012Metric,5k1,smt,True
166.75,-145.25,180.0,top,R3,RC0805JR-07270RL,R_0805_2012Metric,270,smt,True
144.5,-145.25,180.0,top,R4,RC0805JR-07270RL,R_0805_2012Metric,270,smt,True
163.25,-122.25,180.0,top,R5,RC0805FR-0710KL,R_0805_2012Metric,10k,smt,True
122.25,-145.25,180.0,top,R6,RC0805JR-07270RL,R_0805_2012Metric,270,smt,True
166.75,-134.5,180.0,top,SW1,EVP-BFAC1A000,SW_SPST_EVPBF,SW_Push,smt,True
144.5,-91.0,0.0,top,U$1,5530843-3,SLOT36,GT_CART3GT_SLOT,tht,True
145.0,-113.0,135.0,top,U2,AVR64DA64-I/PT,TQFP64_PT_MCH,AVR64DA64-I/PT,smt,True
147.5,-69.25,0.0,top,U3,FT232RNL-REEL,SSOP-28_5.3x10.2mm_P0.65mm,FT232RL,smt,True
