﻿designator,quantity,value,pack,mpn,mount_type
"C1, C12, C13, C14, C15, C4, C7",7,0.1uF,C_0805_2012Metric,CC0805KRX7R9BB104,smt
C11,1,22pF,C_0805_2012Metric,CC0805JRNPO9BN220,smt
"C2, C3",2,47pF,C_0805_2012Metric,CC0805JRNPO9BN470,smt
C5,1,4.7uF,C_0805_2012Metric,TAJR475K010RNJ,smt
C6,1,10nF,C_0805_2012Metric,CC0805KRX7R9BB103,smt
D1,1,TxLED,LED_0805_2012Metric,LTST-C170KFKT,smt
D2,1,RxLED,LED_0805_2012Metric,LTST-C170KFKT,smt
D3,1,PwrLED,LED_0805_2012Metric,LTST-C170GKT,smt
FB1,1,FerriteBead,R_0805_2012Metric,MI0805K400R-10,smt
"H1, H2",2,MountingHole,MountingHole_3.2mm_M3,,tht
J1,1,USB_C_Receptacle_USB2.0,GCT_USB4110GFA,USB4110-GF-A,smt
J2,1,ICSP,PinHeader_2x03_P2.54mm_Vertical_SMD,M20-8760342,smt
J3,1,ICSP,Tag-Connect_TC2030-IDC-FP_2x03_P1.27mm_Vertical,M20-8760342,tht
"R1, R2",2,5k1,R_0805_2012Metric,RC0805JR-075K1L,smt
"R3, R4, R6",3,270,R_0805_2012Metric,RC0805JR-07270RL,smt
R5,1,10k,R_0805_2012Metric,RC0805FR-0710KL,smt
SW1,1,SW_Push,SW_SPST_EVPBF,EVP-BFAC1A000,smt
U$1,1,GT_CART3GT_SLOT,SLOT36,5530843-3,tht
U2,1,AVR64DA64-I/PT,TQFP64_PT_MCH,AVR64DA64-I/PT,smt
U3,1,FT232RL,SSOP-28_5.3x10.2mm_P0.65mm,FT232RNL-REEL,smt
