﻿designator,quantity,value,pack,mpn,mount_type
C1,1,10uF,C_0805_2012Metric,CC0402MRX5R5BB106,smt
"C2, C4",2,22uF,C_0805_2012Metric,CC0603MRX5R5BB226,smt
C3,1,100nF,C_0805_2012Metric,CC0402KRX7R7BB104,smt
"GND0, UNK5V0",2,"3,81/1,4","3,81_1,4",DNI,tht
IC1,1,AP63205WU-7,TSOT-23-6,AP63205WU-7,smt
J1,1,JACK-PLUG0,BarrelJack_GCT_DCJ200-10-A_Horizontal,DCJ200-10-A-K1-K,tht
JP1,1,PINHD-1X2,PinHeader_1x02_P2.54mm_Vertical_SMD_Pin1Right,TSM-102-01-L-SV-TR,smt
L1,1,4.7uH,L_1008_2520Metric,CIGW252010GL4R7MNE,smt
