﻿pos_x,pos_y,rotation,side,designator,mpn,pack,value,mount_type,place
138.43,-101.6,180.0,top,C1,CC0402MRX5R5BB106,C_0805_2012Metric,10uF,smt,True
139.7,-93.98,0.0,top,C2,CC0603MRX5R5BB226,C_0805_2012Metric,22uF,smt,True
134.62,-101.6,0.0,top,C3,CC0402KRX7R7BB104,C_0805_2012Metric,100nF,smt,True
134.62,-104.61,0.0,top,C4,CC0603MRX5R5BB226,C_0805_2012Metric,22uF,smt,True
149.7711,-113.8936,0.0,top,GND0,DNI,"3,81_1,4","3,81/1,4",tht,True
144.78,-96.52,0.0,top,IC1,AP63205WU-7,TSOT-23-6,LM2596TV,smt,True
157.48,-99.06,180.0,top,J1,PJ-036AH-SMT-TR,BarrelJack_CUI_PJ-036AH-SMT_Horizontal,JACK-PLUG0,smt,True
144.78,-104.14,180.0,top,JP1,TSM-102-01-L-SV-TR,PinHeader_1x02_P2.54mm_Vertical_SMD_Pin1Right,PINHD-1X2,smt,True
134.62,-96.52,0.0,top,L1,CIGW252010GL4R7MNE,L_1008_2520Metric,4.7uH,smt,True
162.4711,-113.8936,0.0,top,UNK5V0,DNI,"3,81_1,4","3,81/1,4",tht,True
