﻿pos_x,pos_y,rotation,side,designator,mpn,pack,footprint,value,mount_type
175.0,-100.8,90.0,top,IC1,SN74HC157DR,,SOIC-16_3.9x9.9mm_P1.27mm,74157N,smt
175.0,-108.0,180.0,top,JP1,DNI,,1X09,PINHD-1X9,tht
137.6,-93.3,-45.0,top,R1,RC0805FR-073K3L,,R_0805_2012Metric,R-US_0207/10,smt
137.0,-116.9,-45.0,top,R2,RC0805FR-073K3L,,R_0805_2012Metric,R-US_0207/10,smt
120.1,-116.2,-45.0,top,R3,RC0805FR-073K3L,,R_0805_2012Metric,R-US_0207/10,smt
146.2,-109.1,-135.0,top,R4,RC0805FR-073K3L,,R_0805_2012Metric,R-US_0207/10,smt
209.5,-116.5,45.0,top,R5,RC0805FR-073K3L,,R_0805_2012Metric,R-US_0207/10,smt
234.2,-114.4,-135.0,top,R6,RC0805FR-073K3L,,R_0805_2012Metric,R-US_0207/10,smt
181.8,-91.5,45.0,top,R7,RC0805FR-073K3L,,R_0805_2012Metric,R-US_0207/10,smt
207.2,-105.3,-135.0,top,R8,RC0805FR-073K3L,,R_0805_2012Metric,R-US_0207/10,smt
130.0,-95.0,0.0,top,SW1,KSC2 TE 01J LFS,,KSC-TE,SW_MEC_5E,smt
130.0,-115.0,0.0,top,SW2,KSC2 TE 01J LFS,,KSC-TE,SW_MEC_5E,smt
120.0,-105.0,0.0,top,SW3,KSC2 TE 01J LFS,,KSC-TE,SW_MEC_5E,smt
140.0,-105.0,0.0,top,SW4,KSC2 TE 01J LFS,,KSC-TE,SW_MEC_5E,smt
220.0,-115.0,0.0,top,SW5,KSC2 TE 01J LFS,,KSC-TE,SW_MEC_5E,smt
230.0,-105.0,0.0,top,SW6,KSC2 TE 01J LFS,,KSC-TE,SW_MEC_5E,smt
175.0,-90.0,0.0,top,SW7,KSC2 TE 01J LFS,,KSC-TE,SW_MEC_5E,smt
215.0,-100.0,0.0,top,SW8,KSC2 TE 01J LFS,,KSC-TE,SW_MEC_5E,smt
