﻿designator,quantity,value,pack,mpn,mount_type
"AUDIO-DAC-BUF0, AUD_FLAGS0",2,74HC573N,DIL20,,tht
AUDIO-DAC0,1,AD7524JN,DIL16,,tht
"AUDJACK0, VIDJACK0",2,RCJ-014,CUI_RCJ-014,,tht
AUD_SAMP_CLK0,1,CD40103,DIL16,,tht
"C1, C2",2,,C050-024X044,,tht
"C10, C12, C15, C16, C17, C18, C19, C20, C21, C22, C23, C25, C26, C27, C28, C29, C30, C31, C32, C34, C35, C36, C37, C38, C39, C4, C40, C41, C42, C43, C5, C6, C7, C8, C9",35,,C025-024X044,,tht
C11,1,820pF,C050-024X044,,tht
C13,1,82pF,C050-024X044,,tht
C14,1,680pF,C050-024X044,,tht
"C24, C3, C33",3,220uF,"E2,5-6E",,tht
"CHROMADAC0, LUMADAC0",2,74LS08N,DIL14,,tht
"COL_CTR0, IC36, IC40, ROW_CTR0",4,4040N,DIL16,,tht
"HBLANK_LATCH0, VBLANK_LATCH0",2,74LS74N,DIL14,,tht
IC2_AUD0,1,74LS32N,DIL14,,tht
IC37,1,74AS30N,DIL14,,tht
"IC39, IC41, IC43, IC45, IC4_AUD0",5,7400N,DIL14,,tht
IC44,1,7486N,DIL14,,tht
"IC46, IC47",2,74S257N,DIL16,,tht
IC48,1,74HC564N,DIL20,,tht
IC53,1,7404N,DIL14,,tht
IC6_AUD0,1,74S74N,DIL14,,tht
IC7_AUD0,1,LM358N,DIL08,,tht
J2,1,TX24-40R-12ST-H1E,CON40_2X20_MU_TX24_JAE,,tht
MOTHERBOARD0,1,TX25-40P-6ST-H1E,CON40_2X20_MU_TX25_JAE,,tht
PHASE_GEN0,1,74HC164N,DIL14,,tht
PHASE_SEL0,1,74LS151N,DIL16,,tht
"R1, R10, R11, R12, R13, R2, R3, R4, R5, R6, R7, R8, R9",13,1k,0207_2V,,tht
R14,1,470,0204_7,,tht
R15,1,1k,0204_7,,tht
"R16, R19, R20",3,150,0204_7,,tht
"R17, R18",2,3.3k,0204_7,,tht
"R21, R22",2,3.3k,0207_10,,tht
R23,1,10k,0207_10,,tht
R24,1,68k,0207_10,,tht
R25,1,16k,0207_10,,tht
R26,1,,0207_10,,tht
"SCAN_DELAY0, X_SCALER0",2,74HC161,DIL16,,tht
SJ1,1,,SJ,,tht
U$1,1,TSH122SID-ADAPTER,1X06,,tht
U$2,1,PDPRAM_4KPLCC52S,PLCC-S52-SOCKET,,tht
U1,1,W65C02SP,DIP-40,,tht
V.RAM.0,1,PDPRAM_32K_V2,PLCC-S68-SOCKET,,tht
