﻿designator,quantity,value,pack,mpn,mount_type
"+5V0, GROUND0",2,,"3,81_1,4",,tht
@HOLE0,1,,,,tht
AUDIOSLOT0,1,TX24-40R-12ST-H1E,CON40_2X20_MU_TX24_JAE,,tht
"BANKMUX0, GMUX0, GMUX1, GMUX2, GMUX3, VMUX0, VMUX1, VMUX2, VMUX3",9,74LS257N,DIL16,,tht
BLIT_BUS_SWITCH0,1,74640N,DIL20,,tht
"BLIT_REG_SELECTOR0, WR_REG_DECODE0",2,74HC238,DIL16,,tht
"C1, C10, C11, C12, C13, C14, C15, C16, C17, C18, C19, C2, C20, C21, C22, C23, C24, C25, C26, C27, C28, C29, C3, C30, C31, C32, C33, C34, C35, C36, C38, C39, C4, C40, C41, C42, C43, C44, C45, C46, C5, C57, C6, C7, C8, C9",46,,C025-024X044,,tht
"C47, C48, C49, C50, C51, C52, C53, C54, C55, C56, C59, C60, C61, C62, C63",15,0.1uF,C025-024X044,,tht
C58,1,,"E2,5-6",,tht
"CLK.SEQ0, IC1, IC12, IC7",4,74S08N,DIL14,,tht
"CTR.H0, CTR.W0",2,CD40103,DIL16,,tht
"EXTRA_BUTTON_1, EXTRA_BUTTON_2, RESET_SW_HDR0",3,,1X02,,tht
"EXTRA_BUTTON_JACK_1, EXTRA_BUTTON_JACK_2",2,MONOJACK,MONOJACK,,tht
"GAMEPAD_SELECTOR0, IC9, TRIGGER.INIT0",3,74LS74N,DIL14,,tht
"GXFLIPPER0, GYFLIPPER0",2,74AHC8541,DIL20,,tht
"GXH0, GXL0, GYH0, GYL0, U$6, VXH0, VXL0, VYH0, VYL0",9,74HC163,DIL16,,tht
"IC16, IC4, IC53",3,7404N,DIL14,,tht
"IC18, IC32",2,7432N,DIL14,,tht
IC20,1,7430N,DIL14,,tht
"IC21, IC31, IC5",3,7400N,DIL14,,tht
"IC3, PAD1REG0, PAD2REG0, REG.COLOR0, REG.FLAGS0, REG.GX0, REG.GY0, REG.H0, REG.VX0, REG.VY0, REG.W0",11,74HC573N,DIL20,,tht
IC54,1,74LS07N,DIL14,,tht
J2,1,TX25-40P-6ST-H1E,CON40_2X20_MU_TX25_JAE,,tht
LED1,1,,LED5MM,,tht
"PORT1, PORT2",2,,182-009-MALE,,tht
"R1, R2, R3, R4, R5",5,3.3k,0207_10,,tht
R16,1,150,0204_7,,tht
"R6, R7",2,3.3k,0204_7,,tht
SEQGEN_XOR0,1,74LS86N,DIL14,,tht
TOPDECODER0,1,74LS139N,DIL16,,tht
U$2,1,OSCILLATORMODULEDIL14,CRYSTAL800MIL,,tht
U$3,1,GT_CART3GT_SLOT,SLOT36,,tht
U$4,1,AS6C4008,DIL32,,tht
U$5,1,SRAM_32K,DIL28-3,,tht
U1,1,W65C02SP,DIP-40,,tht
U2,1,VIA,DIP-40,,tht
VIAPORT0,1,,1X14,,tht
