1,296-41661-1-ND
2,670-1385-ND
2,670-1446-ND
2,609-5183-ND
2,296-38386-5-ND
8,296-8246-5-ND
1,296-32951-5-ND
2,296-2143-5-ND
13,296-4613-5-ND
1,296-14878-5-ND
6,296-1625-5-ND
2,296-12822-5-ND
1,296-33023-5-ND
11,296-8285-5-ND
6,296-12773-5-ND
7,296-12769-5-ND
5,296-12772-5-ND
2,296-2111-5-ND
3,296-4318-5-ND
1,296-2155-5-ND
3,296-9200-5-ND
1,2-5530843-7-ND
1,800-3674-ND
97,399-14010-1-ND
11,S3.3KHCT-ND
4,S150HCT-ND
4,732-8911-1-ND
2,296-8244-5-ND
1,296-12788-5-ND
1,296-26009-5-ND
1,296-25973-5-ND
1,296-1868-5-ND
1,CP-1403-ND
1,CP-1402-ND
14,S1KHCT-ND
1,S470HCT-ND
1,BC3919CT-ND
1,CF18JT16K0CT-ND
1,68KEBK-ND
1,445-180988-1-ND
1,399-14085-ND
1,399-4249-ND
1,399-14031-ND
1,2057-ICS-308-T-ND
33,2057-ICS-314-T-ND
34,AE9992-ND
17,2057-ICS-320-T-ND
1,ED3050-5-ND
4,296-25993-5-ND
1,296-27904-5-ND
1,EG2543-ND
1,EG4671-ND
1,1450-1027-ND
1,495-6805-1-ND
1,LM2575TV-5GOS-ND
1,497-6610-1-ND
1,2092-KLDX-0202-AC-ND
1,732-8630-1-ND
1,732-8635-1-ND
1,2057-ICS-632-T-ND
1,S7039-ND
1,900-2177971022-ND
2,900-2177971021-ND
3,900-0022232021-ND
