﻿pos_x,pos_y,rotation,side,designator,mpn,pack,footprint,value,mount_type
124.46,-81.28,0.0,top,BANKMUX0,"74HC257PW,118",,TSSOP-16_4.4x5mm_P0.65mm,74257N,smt
89.1661,-44.45,0.0,top,BLIT_BUS_SWITCH0,SN74HC640PWR,,TSSOP-20_4.4x6.5mm_P0.65mm,74640N,smt
145.288,-134.62,0.0,top,BLIT_REG_SELECTOR0,CD74HCT238PWR,,TSSOP-16_4.4x5mm_P0.65mm,74HC238,smt
54.864,-27.41,90.0,top,C1,CC0805KRX7R9BB104,,C_0805_2012Metric,0.1uF,smt
57.33,-109.855,180.0,top,C10,CC0805KRX7R9BB104,,C_0805_2012Metric,0.1uF,smt
156.21,-111.125,90.0,top,C11,CC0805KRX7R9BB104,,C_0805_2012Metric,0.1uF,smt
188.989,-63.488,180.0,top,C12,CC0805KRX7R9BB104,,C_0805_2012Metric,0.1uF,smt
103.8572,-120.65,180.0,top,C13,CC0805KRX7R9BB104,,C_0805_2012Metric,0.1uF,smt
91.44,-109.855,180.0,top,C14,CC0805KRX7R9BB104,,C_0805_2012Metric,0.1uF,smt
91.44,-99.06,180.0,top,C15,CC0805KRX7R9BB104,,C_0805_2012Metric,0.1uF,smt
91.44,-88.265,180.0,top,C16,CC0805KRX7R9BB104,,C_0805_2012Metric,0.1uF,smt
68.8219,-88.2053,180.0,top,C17,CC0805KRX7R9BB104,,C_0805_2012Metric,0.1uF,smt
91.4279,-21.9947,180.0,top,C18,CC0805KRX7R9BB104,,C_0805_2012Metric,0.1uF,smt
81.7759,-22.098,180.0,top,C19,CC0805KRX7R9BB104,,C_0805_2012Metric,0.1uF,smt
181.852,-77.3885,-90.0,top,C2,CC0805KRX7R9BB104,,C_0805_2012Metric,0.1uF,smt
60.5,-104.5,-90.0,top,C20,CC0805KRX7R9BB104,,C_0805_2012Metric,0.1uF,smt
127.0372,-120.65,180.0,top,C21,CC0805KRX7R9BB104,,C_0805_2012Metric,0.1uF,smt
114.62,-109.855,180.0,top,C22,CC0805KRX7R9BB104,,C_0805_2012Metric,0.1uF,smt
114.62,-99.06,180.0,top,C23,CC0805KRX7R9BB104,,C_0805_2012Metric,0.1uF,smt
102.7719,-88.5863,180.0,top,C24,CC0805KRX7R9BB104,,C_0805_2012Metric,0.1uF,smt
80.6026,-120.65,180.0,top,C25,CC0805KRX7R9BB104,,C_0805_2012Metric,0.1uF,smt
68.1854,-109.855,180.0,top,C26,CC0805KRX7R9BB104,,C_0805_2012Metric,0.1uF,smt
68.1854,-99.06,180.0,top,C27,CC0805KRX7R9BB104,,C_0805_2012Metric,0.1uF,smt
80.8976,-62.8003,180.0,top,C28,CC0805KRX7R9BB104,,C_0805_2012Metric,0.1uF,smt
86.4856,-71.7903,180.0,top,C29,CC0805KRX7R9BB104,,C_0805_2012Metric,0.1uF,smt
92.1679,-120.65,180.0,top,C3,CC0805KRX7R9BB104,,C_0805_2012Metric,0.1uF,smt
69.9236,-62.8003,180.0,top,C30,CC0805KRX7R9BB104,,C_0805_2012Metric,0.1uF,smt
174.765,-108.0413,180.0,top,C31,CC0805KRX7R9BB104,,C_0805_2012Metric,0.1uF,smt
95.443,-147.32,0.0,top,C32,CC0805KRX7R9BB104,,C_0805_2012Metric,0.1uF,smt
143.51,-146.812,0.0,top,C33,CC0805KRX7R9BB104,,C_0805_2012Metric,0.1uF,smt
126.111,-147.574,180.0,top,C34,CC0805KRX7R9BB104,,C_0805_2012Metric,0.1uF,smt
44.704,-138.43,90.0,top,C35,CC0805KRX7R9BB104,,C_0805_2012Metric,0.1uF,smt
164.338,-81.928,90.0,top,C36,CC0805KRX7R9BB104,,C_0805_2012Metric,0.1uF,smt
91.44,-39.37,180.0,top,C37,CC0805KRX7R9BB104,,C_0805_2012Metric,0.1uF,smt
174.498,-124.506,180.0,top,C38,CC0805KRX7R9BB104,,C_0805_2012Metric,0.1uF,smt
61.989,-148.844,0.0,top,C39,CC0805KRX7R9BB104,,C_0805_2012Metric,0.1uF,smt
79.7507,-109.855,180.0,top,C4,CC0805KRX7R9BB104,,C_0805_2012Metric,0.1uF,smt
44.9574,-43.374,180.0,top,C40,CC0805KRX7R9BB104,,C_0805_2012Metric,0.1uF,smt
75.4456,-71.7903,180.0,top,C41,CC0805KRX7R9BB104,,C_0805_2012Metric,0.1uF,smt
155.461,-120.7037,180.0,top,C42,CC0805KRX7R9BB104,,C_0805_2012Metric,0.1uF,smt
144.764,-93.1365,-90.0,top,C43,CC0805KRX7R9BB104,,C_0805_2012Metric,0.1uF,smt
178.6093,-99.809,-90.0,top,C44,CC0805KRX7R9BB104,,C_0805_2012Metric,0.1uF,smt
147.6555,-130.27,180.0,top,C45,CC0805KRX7R9BB104,,C_0805_2012Metric,0.1uF,smt
141.605,-109.855,180.0,top,C46,CC0805KRX7R9BB104,,C_0805_2012Metric,0.1uF,smt
183.7925,-144.0,180.0,top,C47,CC0805KRX7R9BB104,,C_0805_2012Metric,0.1uF,smt
141.5595,-99.0007,180.0,top,C48,CC0805KRX7R9BB104,,C_0805_2012Metric,0.1uF,smt
141.859,-120.904,180.0,top,C49,CC0805KRX7R9BB104,,C_0805_2012Metric,0.1uF,smt
79.7507,-99.06,180.0,top,C5,CC0805KRX7R9BB104,,C_0805_2012Metric,0.1uF,smt
145.1013,-81.9605,-90.0,top,C50,CC0805KRX7R9BB104,,C_0805_2012Metric,0.1uF,smt
63.5,-33.156,-90.0,top,C51,CC0805KRX7R9BB104,,C_0805_2012Metric,0.1uF,smt
126.68,-77.205,180.0,top,C52,CC0805KRX7R9BB104,,C_0805_2012Metric,0.1uF,smt
115.2872,-120.65,180.0,top,C53,CC0805KRX7R9BB104,,C_0805_2012Metric,0.1uF,smt
102.87,-109.855,180.0,top,C54,CC0805KRX7R9BB104,,C_0805_2012Metric,0.1uF,smt
102.87,-99.06,180.0,top,C55,CC0805KRX7R9BB104,,C_0805_2012Metric,0.1uF,smt
39.624,-110.0191,-90.0,top,C56,CC0805KRX7R9BB104,,C_0805_2012Metric,0.1uF,smt
143.3449,-13.8684,180.0,top,C57,CC0805MRX5R5BB106,,C_0805_2012Metric,10uF,smt
148.4249,-6.5024,-90.0,top,C58,CC0805KRX7R7BB104,,C_0805_2012Metric,100nF,smt
126.365,-109.855,180.0,top,C59,CC0805KRX7R9BB104,,C_0805_2012Metric,0.1uF,smt
79.7507,-88.265,180.0,top,C6,CC0805KRX7R9BB104,,C_0805_2012Metric,0.1uF,smt
126.365,-99.06,180.0,top,C60,CC0805KRX7R9BB104,,C_0805_2012Metric,0.1uF,smt
69.5589,-140.466,180.0,top,C61,CC0805KRX7R9BB104,,C_0805_2012Metric,0.1uF,smt
69.5589,-152.2133,180.0,top,C62,CC0805KRX7R9BB104,,C_0805_2012Metric,0.1uF,smt
69.4272,-120.65,180.0,top,C63,CC0805KRX7R9BB104,,C_0805_2012Metric,0.1uF,smt
142.3289,-10.3124,180.0,top,C64,CC0805MRX5R5BB226,,C_0805_2012Metric,22uF,smt
142.3289,-8.0264,180.0,top,C65,CC0805MRX5R5BB226,,C_0805_2012Metric,22uF,smt
133.7,-23.05,-90.0,top,C66,860020273009,,C_Radial_D6.3mm_H11.0mm_P2.50mm,C_Polarized,tht
59.5,-90.5,90.0,top,C7,CC0805KRX7R9BB104,,C_0805_2012Metric,0.1uF,smt
111.116,-21.9947,180.0,top,C8,CC0805KRX7R9BB104,,C_0805_2012Metric,0.1uF,smt
101.21,-22.098,180.0,top,C9,CC0805KRX7R9BB104,,C_0805_2012Metric,0.1uF,smt
67.056,-144.526,0.0,top,CLK.SEQ0,CD74HC08PWR,,TSSOP-14_4.4x5mm_P0.65mm,7408N,smt
112.2968,-114.1017,0.0,top,CTR.H0,"74HC40103PW,118",,TSSOP-16_4.4x5mm_P0.65mm,CD40103,smt
100.7314,-114.1017,0.0,top,CTR.W0,"74HC40103PW,118",,TSSOP-16_4.4x5mm_P0.65mm,CD40103,smt
144.2,-17.2,180.0,top,D1,FR1M-LTP,,D_SOD-123F,1N4007,smt
87.122,-140.208,0.0,top,EXTRA_BUTTON_1,DNI,,1X02,PINHD-1X2,tht
170.18,-142.259,0.0,top,EXTRA_BUTTON_2,DNI,,1X02,PINHD-1X2,tht
124.206,-151.384,0.0,top,GAMEPAD_SELECTOR0,"74AHCT74PW,118",,TSSOP-14_4.4x5mm_P0.65mm,7474N,smt
108.966,-25.908,0.0,top,GMUX0,"74HC257PW,118",,TSSOP-16_4.4x5mm_P0.65mm,74257N,smt
99.06,-25.908,0.0,top,GMUX1,"74HC257PW,118",,TSSOP-16_4.4x5mm_P0.65mm,74257N,smt
89.154,-25.908,0.0,top,GMUX2,"74HC257PW,118",,TSSOP-16_4.4x5mm_P0.65mm,74257N,smt
79.502,-25.908,0.0,top,GMUX3,"74HC257PW,118",,TSSOP-16_4.4x5mm_P0.65mm,74257N,smt
77.6007,-103.2033,0.0,top,GXH0,SN74HC163PWR,,TSSOP-16_4.4x5mm_P0.65mm,74HC163,smt
77.6007,-114.1017,0.0,top,GXL0,SN74HC163PWR,,TSSOP-16_4.4x5mm_P0.65mm,74HC163,smt
89.1661,-103.2033,0.0,top,GYH0,SN74HC163PWR,,TSSOP-16_4.4x5mm_P0.65mm,74HC163,smt
89.1661,-114.1017,0.0,top,GYL0,SN74HC163PWR,,TSSOP-16_4.4x5mm_P0.65mm,74HC163,smt
100.7314,-103.1833,0.0,top,IC1,CD74HC08PWR,,TSSOP-14_4.4x5mm_P0.65mm,7408N,smt
172.72,-112.268,0.0,top,IC12,CD74HC08PWR,,TSSOP-14_4.4x5mm_P0.65mm,7408N,smt
43.18,-144.272,0.0,top,IC16,"74HC04PW,118",,TSSOP-14_4.4x5mm_P0.65mm,7404N,smt
100.7194,-92.6463,0.0,top,IC18,74AC32MTCX,,TSSOP-14_4.4x5mm_P0.65mm,7432N,smt
146.6469,-10.8204,0.0,top,IC2,AP63205WU-7,,TSOT-23-6,AP63205WU-7,smt
67.31,-35.306,90.0,top,IC20,"74AHC30PW,118",,TSSOP-14_4.4x5mm_P0.65mm,7430N,smt
42.672,-47.244,0.0,top,IC21,SN74HCS00PWR,,TSSOP-14_4.4x5mm_P0.65mm,7400N,smt
153.0935,-125.577,0.0,top,IC3,SN74AHC573PWR,,TSSOP-20_4.4x6.5mm_P0.65mm,74573N,smt
123.8621,-103.1833,0.0,top,IC31,SN74HCS00PWR,,TSSOP-14_4.4x5mm_P0.65mm,7400N,smt
149.098,-84.328,90.0,top,IC32,74AC32MTCX,,TSSOP-14_4.4x5mm_P0.65mm,7432N,smt
186.944,-67.818,0.0,top,IC4,"74HC04PW,118",,TSSOP-14_4.4x5mm_P0.65mm,7404N,smt
112.2968,-103.1833,0.0,top,IC5,SN74HCS00PWR,,TSSOP-14_4.4x5mm_P0.65mm,7400N,smt
139.192,-103.124,0.0,top,IC53,"74HC04PW,118",,TSSOP-14_4.4x5mm_P0.65mm,7404N,smt
186.182,-79.756,90.0,top,IC7,CD74HC08PWR,,TSSOP-14_4.4x5mm_P0.65mm,7408N,smt
123.8621,-114.0817,0.0,top,IC9,"74AHCT74PW,118",,TSSOP-14_4.4x5mm_P0.65mm,7474N,smt
183.875,-31.340331,0.0,top,J1,HDL26-SL-B,,HDL26-SL-B,Conn_01x26_Socket,tht
158.8389,-14.0724,180.0,top,J2,DCJ200-10-A-K1-K,,BarrelJack_GCT_DCJ200-10-A_Horizontal,JACK-PLUG0,tht
136.5,-10.9,180.0,top,JP1,G800WC306018EU ,,PinHeader_1x02_P2.54mm_Vertical,PINHD-1X2,tht
145.6309,-6.5024,-90.0,top,L1,CIGW252010GL4R7MNE,,L_1008_2520Metric,4.7uH,smt
123.655,-160.73,180.0,top,LED1,G800WC306018EU ,,PinHeader_1x02_P2.54mm_Vertical,LED5MM,tht
98.6099,-142.76,180.0,top,PAD1REG0,SN74AHC573PWR,,TSSOP-20_4.4x6.5mm_P0.65mm,74573N,smt
147.0081,-142.252,180.0,top,PAD2REG0,SN74AHC573PWR,,TSSOP-20_4.4x6.5mm_P0.65mm,74573N,smt
94.8182,-171.45,0.0,top,PORT1,LD09P13A4GX00LF,,182-009-MALE,M09-182,tht
154.1018,-171.45,0.0,top,PORT2,LD09P13A4GX00LF,,182-009-MALE,M09-182,tht
192.024,-137.668,0.0,top,R1,RC0805FR-073K3L,,R_0805_2012Metric,3.3k,smt
116.9475,-159.46,0.0,top,R16,RC0805FR-07150RL,,R_0805_2012Metric,150,smt
183.7925,-139.0,0.0,top,R2,RC0805FR-073K3L,,R_0805_2012Metric,3.3k,smt
192.024,-130.81,180.0,top,R3,RC0805FR-073K3L,,R_0805_2012Metric,3.3k,smt
192.024,-134.112,180.0,top,R4,RC0805FR-073K3L,,R_0805_2012Metric,3.3k,smt
176.53,-132.126,180.0,top,R5,RC0805FR-073K3L,,R_0805_2012Metric,3.3k,smt
148.59,-154.94,0.0,top,R6,RC0805FR-073K3L,,R_0805_2012Metric,3.3k,smt
91.44,-154.94,0.0,top,R7,RC0805FR-073K3L,,R_0805_2012Metric,3.3k,smt
44.704,-113.792,90.0,top,REG.COLOR0,SN74AHC573PWR,,TSSOP-20_4.4x6.5mm_P0.65mm,74573N,smt
139.4915,-125.714,0.0,top,REG.FLAGS0,SN74AHC573PWR,,TSSOP-20_4.4x6.5mm_P0.65mm,74573N,smt
90.0179,-125.73,0.0,top,REG.GX0,SN74AHC573PWR,,TSSOP-20_4.4x6.5mm_P0.65mm,74573N,smt
101.5833,-125.73,0.0,top,REG.GY0,SN74AHC573PWR,,TSSOP-20_4.4x6.5mm_P0.65mm,74573N,smt
124.714,-125.73,0.0,top,REG.H0,SN74AHC573PWR,,TSSOP-20_4.4x6.5mm_P0.65mm,74573N,smt
66.8872,-125.73,0.0,top,REG.VX0,SN74AHC573PWR,,TSSOP-20_4.4x6.5mm_P0.65mm,74573N,smt
78.4526,-125.73,0.0,top,REG.VY0,SN74AHC573PWR,,TSSOP-20_4.4x6.5mm_P0.65mm,74573N,smt
113.1486,-125.73,0.0,top,REG.W0,SN74AHC573PWR,,TSSOP-20_4.4x6.5mm_P0.65mm,74573N,smt
179.25,-159.25,180.0,top,RESET_SW_HDR0,G800WC306018EU ,,PinHeader_1x02_P2.54mm_Vertical,PINHD-1X2,tht
67.056,-156.21,0.0,top,SEQGEN_XOR0,"74AHC86PW,118",,TSSOP-14_4.4x5mm_P0.65mm,7486N,smt
182.626,-101.854,90.0,top,TOPDECODER0,SN74HC139PWR,,TSSOP-16_4.4x5mm_P0.65mm,74139N,smt
205.0,-66.6993,90.0,top,TO_AUDIO_PROCESSOR1,F34G-1A7Q1-E8C40 ,,F34G1A7Q1E8C40,TO_AUDIO,smt
43.986915,-66.714957,-90.0,top,TO_FRAMEBUFFER1,F34G-1A7Q1-E8C40 ,,F34G1A7Q1E8C40,TO_VIDEO,smt
139.2375,-114.0817,0.0,top,TRIGGER.INIT0,"74AHCT74PW,118",,TSSOP-14_4.4x5mm_P0.65mm,7474N,smt
43.18,-151.638,-90.0,top,U$2,LFSPXO022134,,Oscillator_SMD_IQD_IQXO70-4Pin_7.5x5.0mm_HandSoldering,OSCILLATORMODULEDIL14,smt
124.46,-64.77,0.0,top,U$3,5530843-3,,SLOT36,GT_CART3GT_SLOT,tht
54.864,-41.91,-90.0,top,U$4,AS6C4008-55TIN,,TSOP-I-32_offset_nums,AS6C4008,smt
163.068,-91.948,-90.0,top,U$5,AS7C256A-15TIN,,TSOP-I-28_offset_nums,SRAM_32K,smt
54.864,-153.924,0.0,top,U$6,CD74AC161M96,,SOIC-16_3.9x9.9mm_P1.27mm,74AC161,smt
184.404,-121.666,180.0,top,U1,W65C02S6TQG-14,,6502_QFP,W65C02SP,smt
167.386,-63.754,90.0,top,U2,W65C22S6TQG-14,,6522_QFP,VIA,smt
77.6007,-92.325,0.0,top,U3,"74AHC86PW,118",,TSSOP-14_4.4x5mm_P0.65mm,GFXL,smt
54.9826,-95.0,0.0,top,U4,"74AHC86PW,118",,TSSOP-14_4.4x5mm_P0.65mm,GFXH,smt
89.1661,-92.325,0.0,top,U5,"74AHC86PW,118",,TSSOP-14_4.4x5mm_P0.65mm,GFYL,smt
66.548,-92.202,0.0,top,U6,"74AHC86PW,118",,TSSOP-14_4.4x5mm_P0.65mm,GFYH,smt
152.58,-112.7317,0.0,top,U7,"74LVC2G07GW,125",,SOT-363_SC-70-6,74LVC2G07,smt
192.5,-144.0,90.0,top,U8,,,SOT-23,MCP130-xxxxTT,smt
67.0636,-66.8503,0.0,top,VMUX0,"74HC257PW,118",,TSSOP-16_4.4x5mm_P0.65mm,74257N,smt
72.9056,-75.7403,0.0,top,VMUX1,"74HC257PW,118",,TSSOP-16_4.4x5mm_P0.65mm,74257N,smt
78.7476,-66.8503,0.0,top,VMUX2,"74HC257PW,118",,TSSOP-16_4.4x5mm_P0.65mm,74257N,smt
84.3356,-75.7403,0.0,top,VMUX3,"74HC257PW,118",,TSSOP-16_4.4x5mm_P0.65mm,74257N,smt
54.356,-103.378,0.0,top,VXH0,SN74HC163PWR,,TSSOP-16_4.4x5mm_P0.65mm,74HC163,smt
54.47,-114.105,0.0,top,VXL0,SN74HC163PWR,,TSSOP-16_4.4x5mm_P0.65mm,74HC163,smt
66.0354,-103.21,0.0,top,VYH0,SN74HC163PWR,,TSSOP-16_4.4x5mm_P0.65mm,74HC163,smt
66.0354,-114.105,0.0,top,VYL0,SN74HC163PWR,,TSSOP-16_4.4x5mm_P0.65mm,74HC163,smt
148.844,-95.504,90.0,top,WR_REG_DECODE0,CD74HCT238PWR,,TSSOP-16_4.4x5mm_P0.65mm,74HC238,smt
