﻿pos_x,pos_y,rotation,side,designator,mpn,pack,footprint,value,mount_type
129.75,-73.0,-90.0,top,C1,CC0805KRX7R9BB104,,C_0805_2012Metric,0.1uF,smt
174.5,-134.25,-90.0,top,C11,CC0805JRNPO9BN220,,C_0805_2012Metric,22pF,smt
141.5,-104.0,135.0,top,C12,CC0805KRX7R9BB104,,C_0805_2012Metric,0.1uF,smt
138.5,-119.5,-135.0,top,C13,CC0805KRX7R9BB104,,C_0805_2012Metric,0.1uF,smt
151.25,-120.25,-45.0,top,C14,CC0805KRX7R9BB104,,C_0805_2012Metric,0.1uF,smt
152.25,-108.25,45.0,top,C15,CC0805KRX7R9BB104,,C_0805_2012Metric,0.1uF,smt
161.5,-69.5,-90.0,top,C2,CC0805JRNPO9BN470,,C_0805_2012Metric,47pF,smt
161.5,-64.75,90.0,top,C3,CC0805JRNPO9BN470,,C_0805_2012Metric,47pF,smt
135.25,-68.0,-90.0,top,C4,CC0805KRX7R9BB104,,C_0805_2012Metric,0.1uF,smt
183.0,-77.0,0.0,top,C5,TAJR475K010RNJ,,C_0805_2012Metric,4.7uF,smt
179.0,-73.75,0.0,top,C6,CC0805KRX7R9BB103,,C_0805_2012Metric,10nF,smt
157.25,-74.5,180.0,top,C7,CC0805KRX7R9BB104,,C_0805_2012Metric,0.1uF,smt
166.75,-150.0,0.0,top,D1,LTST-C170KFKT,,LED_0805_2012Metric,TxLED,smt
144.5,-150.0,0.0,top,D2,LTST-C170KFKT,,LED_0805_2012Metric,RxLED,smt
122.25,-150.0,0.0,top,D3,LTST-C170GKT,,LED_0805_2012Metric,PwrLED,smt
170.0,-73.75,0.0,top,FB1,MI0805K400R-10,,R_0805_2012Metric,FerriteBead,smt
175.0,-66.0625,180.0,top,J1,USB4110-GF-A,,GCT_USB4110GFA,USB_C_Receptacle_USB2.0,smt
164.75,-114.25,0.0,top,J2,M20-8760342,,PinHeader_2x03_P2.54mm_Vertical_SMD,ICSP,smt
185.0,-63.75,180.0,top,R1,RC0805JR-075K1L,,R_0805_2012Metric,5k1,smt
185.0,-68.75,180.0,top,R2,RC0805JR-075K1L,,R_0805_2012Metric,5k1,smt
166.75,-145.25,180.0,top,R3,RC0805JR-07270RL,,R_0805_2012Metric,270,smt
144.5,-145.25,180.0,top,R4,RC0805JR-07270RL,,R_0805_2012Metric,270,smt
163.25,-122.25,180.0,top,R5,RC0805FR-0710KL,,R_0805_2012Metric,10k,smt
122.25,-145.25,180.0,top,R6,RC0805JR-07270RL,,R_0805_2012Metric,270,smt
166.75,-134.5,180.0,top,SW1,EVP-BFAC1A000,,SW_SPST_EVPBF,SW_Push,smt
144.5,-91.0,0.0,top,U$1,5530843-3,,SLOT36,GT_CART3GT_SLOT,tht
145.0,-113.0,135.0,top,U2,AVR64DA64-I/PT,,TQFP64_PT_MCH,AVR64DA64-I/PT,smt
147.5,-69.25,0.0,top,U3,FT232RNL-REEL,,SSOP-28_5.3x10.2mm_P0.65mm,FT232RL,smt
