﻿pos_x,pos_y,rotation,side,designator,mpn,pack,footprint,value,mount_type
191.77,-85.09,90.0,top,AUDIO-DAC-BUF0,SN74AHC573PWR,,TSSOP-20_4.4x6.5mm_P0.65mm,74573N,smt
203.835,-80.01,-90.0,top,AUDIO-DAC0,AD7524JRZ-REEL7,,SOIC-16_3.9x9.9mm_P1.27mm,AD7524N,smt
222.1611,-44.0436,-90.0,top,AUDJACK0,RCJ-013,,CUI_RCJ-014,RCJ-014,tht
210.82,-125.73,180.0,top,AUD_FLAGS0,SN74AHC573PWR,,TSSOP-20_4.4x6.5mm_P0.65mm,74573N,smt
197.485,-125.73,90.0,top,AUD_SAMP_CLK0,"74HC40103PW,118",,TSSOP-16_4.4x5mm_P0.65mm,CD40103,smt
233.5,-149.0,90.0,top,C1,CC0805KRX7R9BB104,,C_0805_2012Metric,0.1uF,smt
82.296,-123.952,90.0,top,C10,CC0805KRX7R9BB104,,C_0805_2012Metric,0.1uF,smt
231.775,-80.01,90.0,top,C11,CC0805KRX7R9BB821,,C_0805_2012Metric,820pF,smt
94.742,-124.206,90.0,top,C12,CC0805KRX7R9BB104,,C_0805_2012Metric,0.1uF,smt
214.63,-73.025,0.0,top,C13,CC0805JRNPO9BN820,,C_0805_2012Metric,82pF,smt
226.695,-71.755,90.0,top,C14,CC0805KRX7R9BB681,,C_0805_2012Metric,680pF,smt
80.0,-142.0,180.0,top,C15,CC0805KRX7R9BB104,,C_0805_2012Metric,0.1uF,smt
71.5899,-80.7974,-90.0,top,C16,CC0805KRX7R9BB104,,C_0805_2012Metric,0.1uF,smt
92.71,-70.1294,-90.0,top,C17,CC0805KRX7R9BB104,,C_0805_2012Metric,0.1uF,smt
84.5,-69.0,-90.0,top,C18,CC0805KRX7R9BB104,,C_0805_2012Metric,0.1uF,smt
101.1809,-85.3694,-90.0,top,C19,CC0805KRX7R9BB104,,C_0805_2012Metric,0.1uF,smt
178.435,-54.61,90.0,top,C2,CC0805JRNPO9BN101,,C_0805_2012Metric,100pF,smt
111.5949,-85.8774,-90.0,top,C20,CC0805KRX7R9BB104,,C_0805_2012Metric,0.1uF,smt
86.0806,-109.4359,180.0,top,C21,CC0805KRX7R9BB104,,C_0805_2012Metric,0.1uF,smt
125.476,-128.158,90.0,top,C22,CC0805KRX7R9BB104,,C_0805_2012Metric,0.1uF,smt
95.2754,-57.3151,90.0,top,C23,CC0805KRX7R9BB104,,C_0805_2012Metric,0.1uF,smt
65.405,-84.0,90.0,top,C24,860020273009,,"E2,5-6E",220uF,tht
94.742,-48.514,180.0,top,C25,CC0805KRX7R9BB104,,C_0805_2012Metric,0.1uF,smt
108.458,-50.292,180.0,top,C26,CC0805KRX7R9BB104,,C_0805_2012Metric,0.1uF,smt
108.7374,-57.5691,90.0,top,C27,CC0805KRX7R9BB104,,C_0805_2012Metric,0.1uF,smt
122.9614,-56.4261,90.0,top,C28,CC0805KRX7R9BB104,,C_0805_2012Metric,0.1uF,smt
127.5334,-47.7901,90.0,top,C29,CC0805KRX7R9BB104,,C_0805_2012Metric,0.1uF,smt
204.47,-64.135,90.0,top,C3,860020273009,,"E2,5-6E",220uF,tht
101.631262,-145.539291,0.0,top,C30,CC0805KRX7R9BB104,,C_0805_2012Metric,0.1uF,smt
80.5,-157.5,0.0,top,C31,CC0805KRX7R9BB104,,C_0805_2012Metric,0.1uF,smt
84.5,-83.5,0.0,top,C32,CC0805KRX7R9BB104,,C_0805_2012Metric,0.1uF,smt
229.0,-124.5,-90.0,top,C33,860020273009,,"E2,5-6E",220uF,tht
112.0,-159.0,0.0,top,C34,CC0805KRX7R9BB104,,C_0805_2012Metric,0.1uF,smt
179.324,-158.496,0.0,top,C35,CC0805KRX7R9BB104,,C_0805_2012Metric,0.1uF,smt
204.0636,-128.9939,180.0,top,C36,CC0805KRX7R9BB104,,C_0805_2012Metric,0.1uF,smt
203.9366,-109.5,180.0,top,C37,CC0805KRX7R9BB104,,C_0805_2012Metric,0.1uF,smt
194.8561,-118.9736,90.0,top,C38,CC0805KRX7R9BB104,,C_0805_2012Metric,0.1uF,smt
178.0286,-128.1049,180.0,top,C39,CC0805KRX7R9BB104,,C_0805_2012Metric,0.1uF,smt
91.5289,-99.2124,-90.0,top,C4,CC0805KRX7R9BB104,,C_0805_2012Metric,0.1uF,smt
177.0126,-141.1859,180.0,top,C40,CC0805KRX7R9BB104,,C_0805_2012Metric,0.1uF,smt
188.595,-78.74,90.0,top,C41,CC0805KRX7R9BB104,,C_0805_2012Metric,0.1uF,smt
205.74,-86.995,-90.0,top,C42,CC0805KRX7R9BB104,,C_0805_2012Metric,0.1uF,smt
217.805,-86.995,0.0,top,C43,CC0805KRX7R9BB104,,C_0805_2012Metric,0.1uF,smt
194.945,-59.055,-90.0,top,C44,CC0805KRX7R9BB104,,C_0805_2012Metric,0.1uF,smt
99.9109,-99.2124,-90.0,top,C5,CC0805KRX7R9BB104,,C_0805_2012Metric,0.1uF,smt
108.2929,-99.2124,-90.0,top,C6,CC0805KRX7R9BB104,,C_0805_2012Metric,0.1uF,smt
84.5,-58.0,-90.0,top,C7,CC0805KRX7R9BB104,,C_0805_2012Metric,0.1uF,smt
127.4064,-119.7991,0.0,top,C8,CC0805KRX7R9BB104,,C_0805_2012Metric,0.1uF,smt
91.694,-86.0044,-90.0,top,C9,CC0805KRX7R9BB104,,C_0805_2012Metric,0.1uF,smt
125.73,-63.5,90.0,top,CHROMADAC0,CD74HC08PWR,,TSSOP-14_4.4x5mm_P0.65mm,7408N,smt
87.884,-122.428,180.0,top,COL_CTR0,"74HC4040PW,118",,TSSOP-16_4.4x5mm_P0.65mm,4040N,smt
79.0,-67.25,-90.0,top,HBLANK_LATCH0,"74AHCT74PW,118",,TSSOP-14_4.4x5mm_P0.65mm,7474N,smt
90.5,-161.0,0.0,top,IC1,AS7C256A-10TIN,,SOP55P1340X120-28N,AS7C256A-10TIN,smt
227.0,-155.5,0.0,top,IC2,IS61C64AL-10TLI,,SOP55P1340X120-28N,IS61C64AL-10TLI,smt
210.0,-107.0,180.0,top,IC2_AUD0,74AC32MTCX,,TSSOP-14_4.4x5mm_P0.65mm,7432N,smt
213.0,-155.0,180.0,top,IC3,SN74CBT16210CDLR,,SOP64P1035X279-48N,SN74CBT16210CDLR,smt
78.74,-82.5,-90.0,top,IC36,"74HC4040PW,118",,TSSOP-16_4.4x5mm_P0.65mm,4040N,smt
90.17,-64.008,-90.0,top,IC37,"74AHC30PW,118",,TSSOP-14_4.4x5mm_P0.65mm,7430N,smt
69.596,-74.676,-90.0,top,IC39,SN74HCS00PWR,,TSSOP-14_4.4x5mm_P0.65mm,7400N,smt
211.5,-140.0,180.0,top,IC4,74VHC157FT,,SOP65P640X120-16N,74VHC157FT,smt
88.9,-92.456,-90.0,top,IC40,"74HC4040PW,118",,TSSOP-16_4.4x5mm_P0.65mm,4040N,smt
97.282,-92.456,-90.0,top,IC41,SN74HCS00PWR,,TSSOP-14_4.4x5mm_P0.65mm,7400N,smt
92.202,-107.442,180.0,top,IC43,SN74HCS00PWR,,TSSOP-14_4.4x5mm_P0.65mm,7400N,smt
98.552,-79.248,-90.0,top,IC44,"74AHC86PW,118",,TSSOP-14_4.4x5mm_P0.65mm,7486N,smt
108.966,-79.756,-90.0,top,IC45,SN74HCS00PWR,,TSSOP-14_4.4x5mm_P0.65mm,7400N,smt
98.044,-63.754,90.0,top,IC46,SN74HC257PWR,,TSSOP-16_4.4x5mm_P0.65mm,74257N,smt
111.506,-64.008,90.0,top,IC47,SN74HC257PWR,,TSSOP-16_4.4x5mm_P0.65mm,74257N,smt
120.65,-134.0,0.0,top,IC48,SN74ACT564PWR,,TSSOP-20_4.4x6.5mm_P0.65mm,74564N,smt
184.15,-126.746,180.0,top,IC4_AUD0,SN74HCS00PWR,,TSSOP-14_4.4x5mm_P0.65mm,7400N,smt
120.65,-122.428,0.0,top,IC53,"74HC04PW,118",,TSSOP-14_4.4x5mm_P0.65mm,7404N,smt
183.134,-139.192,180.0,top,IC6_AUD0,"74AHCT74PW,118",,TSSOP-14_4.4x5mm_P0.65mm,7474N,smt
215.265,-80.01,-90.0,top,IC7_AUD0,LM358APWR,,TSSOP-8_4.4x3mm_P0.65mm,LM358N,smt
90.5,-149.0,0.0,top,IC9,AS7C256A-10TIN,,SOP55P1340X120-28N,AS7C256A-10TIN,smt
153.162,-160.274,90.0,top,J1,DNI,,PinHeader_1x02_P2.54mm_Vertical,5V,tht
77.0,-105.0,-90.0,top,J2,F34G-1A7Q1-E8C40,,F34G1A7Q1E8C40,VID_TO_MOBO,smt
130.302,-53.594,90.0,top,LUMADAC0,CD74HC08PWR,,TSSOP-14_4.4x5mm_P0.65mm,7408N,smt
220.0,-105.0,90.0,top,MOTHERBOARD0,F34G-1A7Q1-E8C40,,F34G1A7Q1E8C40,AUD_TO_MOBO,smt
100.838,-52.832,90.0,top,PHASE_GEN0,SN74HC164PWR,,TSSOP-14_4.4x5mm_P0.65mm,74164N,smt
115.824,-53.086,90.0,top,PHASE_SEL0,SN74HC151PWR,,TSSOP-16_4.4x5mm_P0.65mm,74151N,smt
148.5011,-46.5836,0.0,top,R1,RC0805FR-071KL,,R_0805_2012Metric,1k,smt
148.5011,-63.0936,0.0,top,R10,RC0805FR-071KL,,R_0805_2012Metric,1k,smt
154.8511,-68.1736,0.0,top,R11,RC0805FR-071KL,,R_0805_2012Metric,1k,smt
154.8511,-63.0936,0.0,top,R12,RC0805FR-071KL,,R_0805_2012Metric,1k,smt
161.2011,-63.0936,0.0,top,R13,RC0805FR-071KL,,R_0805_2012Metric,1k,smt
170.0911,-52.705,0.0,top,R14,RC0805FR-07470RL,,R_0805_2012Metric,470,smt
170.18,-64.135,0.0,top,R15,RC0805FR-071KL,,R_0805_2012Metric,1k,smt
170.18,-67.945,0.0,top,R16,RC0805FR-07150RL,,R_0805_2012Metric,150,smt
170.0911,-60.325,180.0,top,R17,RC0805FR-073K3L,,R_0805_2012Metric,3.3k,smt
170.18,-56.515,180.0,top,R18,RC0805FR-073K3L,,R_0805_2012Metric,3.3k,smt
204.47,-57.785,-90.0,top,R19,RC0805FR-0775RL,,R_0805_2012Metric,75,smt
148.5011,-56.7436,0.0,top,R2,RC0805FR-071KL,,R_0805_2012Metric,1k,smt
171.9326,-163.75,90.0,top,R21,RC0805FR-073K3L,,R_0805_2012Metric,3.3k,smt
226.695,-80.01,90.0,top,R23,RC0805FR-0710KL,,R_0805_2012Metric,10k,smt
226.695,-76.2,90.0,top,R24,RC0805FR-0768KL,,R_0805_2012Metric,68k,smt
221.615,-76.2,-90.0,top,R25,RC0805FR-0716KL,,R_0805_2012Metric,16k,smt
154.8511,-56.7436,0.0,top,R3,RC0805FR-071KL,,R_0805_2012Metric,1k,smt
148.5011,-51.6636,0.0,top,R4,RC0805FR-071KL,,R_0805_2012Metric,1k,smt
154.8511,-51.6636,0.0,top,R5,RC0805FR-071KL,,R_0805_2012Metric,1k,smt
154.8511,-46.5836,0.0,top,R6,RC0805FR-071KL,,R_0805_2012Metric,1k,smt
161.2011,-51.6636,0.0,top,R7,RC0805FR-071KL,,R_0805_2012Metric,1k,smt
161.2011,-46.5836,0.0,top,R8,RC0805FR-071KL,,R_0805_2012Metric,1k,smt
148.5011,-68.1736,0.0,top,R9,RC0805FR-071KL,,R_0805_2012Metric,1k,smt
100.33,-122.428,180.0,top,ROW_CTR0,"74HC4040PW,118",,TSSOP-16_4.4x5mm_P0.65mm,4040N,smt
89.154,-78.0,-90.0,top,SCAN_DELAY0,SN74HC161PWR,,TSSOP-16_4.4x5mm_P0.65mm,74HC161,smt
170.434,-153.416,180.0,top,U1,W65C02S6TQG-14,,6502_QFP,W65C02SP,smt
202.0,-140.0,180.0,top,U10,74VHC373MTCX,,TSSOP-20_4.4x6.5mm_P0.65mm,74AHC373,smt
187.96,-55.88,0.0,top,U2,THS7374IPWR,,TSSOP-14_4.4x5mm_P0.65mm,THS7374,smt
87.5,-132.5,180.0,top,U3,74VHC373MTCX,,TSSOP-20_4.4x6.5mm_P0.65mm,74AHC373,smt
106.0,-161.5,0.0,top,U4,74VHC373MTCX,,TSSOP-20_4.4x6.5mm_P0.65mm,74AHC373,smt
74.5,-161.0,0.0,top,U5,74VHC373MTCX,,TSSOP-20_4.4x6.5mm_P0.65mm,74AHC373,smt
120.5,-149.0,0.0,top,U6,74AC00MTCX,,TSSOP-14_4.4x5mm_P0.65mm,74AC00,smt
75.5,-130.0,0.0,top,U7,74VHC74FT,,TSSOP-14_4.4x5mm_P0.65mm,74VHC74,smt
87.5,-141.0,180.0,top,U8,"74HC244PW,118",,TSSOP-20_4.4x6.5mm_P0.65mm,74HC244,smt
101.0,-141.0,180.0,top,U9,"74HC244PW,118",,TSSOP-20_4.4x6.5mm_P0.65mm,74HC244,smt
105.664,-92.456,-90.0,top,VBLANK_LATCH0,"74AHCT74PW,118",,TSSOP-14_4.4x5mm_P0.65mm,7474N,smt
204.3811,-44.0436,-90.0,top,VIDJACK0,RCJ-014,,CUI_RCJ-014,RCJ-014,tht
78.994,-57.25,-90.0,top,X_SCALER0,SN74HC161PWR,,TSSOP-16_4.4x5mm_P0.65mm,74HC161,smt
