﻿Designator,Quantity,Value,Footprint,Package,MPN,DNP,Mount_Type,Description,Height,Mouser Part Number,Mouser Price/Stock,Manufacturer_Name
"AUDIO-DAC-BUF0, AUD_FLAGS0",2,74573N,TSSOP-20_4.4x6.5mm_P0.65mm,,SN74AHC573PWR,,smt,,,,,
AUDIO-DAC0,1,AD7524N,SOIC-16_3.9x9.9mm_P1.27mm,,AD7524JRZ-REEL7,,smt,,,,,
AUDJACK0,1,RCJ-014,CUI_RCJ-014,,RCJ-013,,tht,,,,,
AUD_SAMP_CLK0,1,CD40103,TSSOP-16_4.4x5mm_P0.65mm,,"74HC40103PW,118",,smt,,,,,
"C1, C10, C12, C15, C16, C17, C18, C19, C20, C21, C22, C23, C25, C26, C27, C28, C29, C30, C31, C32, C34, C35, C36, C37, C38, C39, C4, C40, C41, C42, C43, C44, C5, C6, C7, C8, C9",37,0.1uF,C_0805_2012Metric,,CC0805KRX7R9BB104,,smt,,,,,
C11,1,820pF,C_0805_2012Metric,,CC0805KRX7R9BB821,,smt,,,,,
C13,1,82pF,C_0805_2012Metric,,CC0805JRNPO9BN820,,smt,,,,,
C14,1,680pF,C_0805_2012Metric,,CC0805KRX7R9BB681,,smt,,,,,
C2,1,100pF,C_0805_2012Metric,,CC0805JRNPO9BN101,,smt,,,,,
"C24, C3, C33",3,220uF,"E2,5-6E",,860020273009,,tht,,,,,
"CHROMADAC0, LUMADAC0",2,7408N,TSSOP-14_4.4x5mm_P0.65mm,,CD74HC08PWR,,smt,,,,,
"COL_CTR0, IC36, IC40, ROW_CTR0",4,4040N,TSSOP-16_4.4x5mm_P0.65mm,,"74HC4040PW,118",,smt,,,,,
"H1, H2, H3, H4",4,MountingHole_Pad,MountingHole_3.2mm_M3_Pad_TopBottom,,DNI,,tht,,,,,
"HBLANK_LATCH0, IC6_AUD0, VBLANK_LATCH0",3,7474N,TSSOP-14_4.4x5mm_P0.65mm,,"74AHCT74PW,118",,smt,,,,,
"IC1, IC9",2,AS7C256A-10TIN,SOP55P1340X120-28N,,AS7C256A-10TIN,,smt,"SRAM SRAM, 256K, 32K x 8, 5V, 28pin TSOP I, 10ns, Industrial Temp - Tray",1.2,913-AS7C256A-10TIN,https://www.mouser.co.uk/ProductDetail/Alliance-Memory/AS7C256A-10TIN?qs=LD2UibpCYJobf6f43ECFhQ%3D%3D,Alliance Memory
IC2,1,IS61C64AL-10TLI,SOP55P1340X120-28N,,IS61C64AL-10TLI,,smt,SRAM 64K 8Kx8 10ns 5V Async SRAM,1.2,870-IS61C64AL-10TLI,https://www.mouser.co.uk/ProductDetail/ISSI/IS61C64AL-10TLI?qs=AG1tZYOK7s4pOKdFEmZW5A%3D%3D,Integrated Silicon Solution Inc.
IC2_AUD0,1,7432N,TSSOP-14_4.4x5mm_P0.65mm,,74AC32MTCX,,smt,,,,,
IC3,1,SN74CBT16210CDLR,SOP64P1035X279-48N,,SN74CBT16210CDLR,,smt,20-Bit FET Bus Switch with -2 V Undershoot Protection,2.79,595-SN74CBT16210CDLR,https://www.mouser.co.uk/ProductDetail/Texas-Instruments/SN74CBT16210CDLR?qs=mE33ZKBHyE6WITUXOI0Rew%3D%3D,Texas Instruments
IC37,1,7430N,TSSOP-14_4.4x5mm_P0.65mm,,"74AHC30PW,118",,smt,,,,,
"IC39, IC41, IC43, IC45, IC4_AUD0",5,7400N,TSSOP-14_4.4x5mm_P0.65mm,,SN74HCS00PWR,,smt,,,,,
IC4,1,74VHC157FT,SOP65P640X120-16N,,74VHC157FT,,smt,CMOS IC Quad Multiplexer 2-Ch TSSOP16B,1.2,757-74VHC157FT,https://www.mouser.co.uk/ProductDetail/Toshiba/74VHC157FT?qs=u16ybLDytRbWLcCMJDk5ww%3D%3D,Toshiba
IC44,1,7486N,TSSOP-14_4.4x5mm_P0.65mm,,"74AHC86PW,118",,smt,,,,,
"IC46, IC47",2,74257N,TSSOP-16_4.4x5mm_P0.65mm,,SN74HC257PWR,,smt,,,,,
IC48,1,74564N,TSSOP-20_4.4x6.5mm_P0.65mm,,SN74ACT564PWR,,smt,,,,,
IC53,1,7404N,TSSOP-14_4.4x5mm_P0.65mm,,"74HC04PW,118",,smt,,,,,
IC7_AUD0,1,LM358N,TSSOP-8_4.4x3mm_P0.65mm,,LM358APWR,,smt,,,,,
J1,1,5V,PinHeader_1x02_P2.54mm_Vertical,,DNI,,tht,,,,,
J2,1,VID_TO_MOBO,F34G1A7Q1E8C40,,F34G-1A7Q1-E8C40,,smt,,,,,
MOTHERBOARD0,1,AUD_TO_MOBO,F34G1A7Q1E8C40,,F34G-1A7Q1-E8C40,,smt,,,,,
PHASE_GEN0,1,74164N,TSSOP-14_4.4x5mm_P0.65mm,,SN74HC164PWR,,smt,,,,,
PHASE_SEL0,1,74151N,TSSOP-16_4.4x5mm_P0.65mm,,SN74HC151PWR,,smt,,,,,
"R1, R10, R11, R12, R13, R15, R2, R3, R4, R5, R6, R7, R8, R9",14,1k,R_0805_2012Metric,,RC0805FR-071KL,,smt,,,,,
R14,1,470,R_0805_2012Metric,,RC0805FR-07470RL,,smt,,,,,
R16,1,150,R_0805_2012Metric,,RC0805FR-07150RL,,smt,,,,,
"R17, R18, R21",3,3.3k,R_0805_2012Metric,,RC0805FR-073K3L,,smt,,,,,
R19,1,75,R_0805_2012Metric,,RC0805FR-0775RL,,smt,,,,,
R23,1,10k,R_0805_2012Metric,,RC0805FR-0710KL,,smt,,,,,
R24,1,68k,R_0805_2012Metric,,RC0805FR-0768KL,,smt,,,,,
R25,1,16k,R_0805_2012Metric,,RC0805FR-0716KL,,smt,,,,,
"SCAN_DELAY0, X_SCALER0",2,74HC161,TSSOP-16_4.4x5mm_P0.65mm,,SN74HC161PWR,,smt,,,,,
U1,1,W65C02SP,6502_QFP,,W65C02S6TQG-14,,smt,,,,,
"U10, U3, U4, U5",4,74AHC373,TSSOP-20_4.4x6.5mm_P0.65mm,,74VHC373MTCX,,smt,"8-bit Latch, 3-state outputs",,,,
U2,1,THS7374,TSSOP-14_4.4x5mm_P0.65mm,,THS7374IPWR,,smt,,,,,
U6,1,74AC00,TSSOP-14_4.4x5mm_P0.65mm,,74AC00MTCX,,smt,quad 2-input NAND gate,,,,
U7,1,74VHC74,TSSOP-14_4.4x5mm_P0.65mm,,74VHC74FT,,smt,"Dual D Flip-flop, Set & Reset",,,,
"U8, U9",2,74HC244,TSSOP-20_4.4x6.5mm_P0.65mm,,"74HC244PW,118",,smt,8-bit Buffer/Line Driver 3-state,,,,
VIDJACK0,1,RCJ-014,CUI_RCJ-014,,RCJ-014,,tht,,,,,
