﻿pos_x,pos_y,rotation,side,designator,mpn,pack,value,mount_type,place
166.5859,-111.1758,0.0,top,C1,CC0805KRX7R9BB104,C0805,C-USC0805,tht,True
149.9489,-87.0458,0.0,top,C2,CC0805KRX7R9BB104,C0805,C-USC0805,tht,True
156.75,-94.75,0.0,top,C3,CC0805KRX7R9BB104,C0805,C-USC0805,tht,True
132.1689,-116.2558,-90.0,top,C4,CC0805KRX7R9BB104,C0805,C-USC0805,tht,True
153.7589,-111.1758,0.0,top,IC1,M29F160FT55N3E2,SOP50P2000X120-48N,AS29CF160B-55TIN,tht,True
134.7089,-108.6358,90.0,top,IC2,"74HC595D,118",SO16,74595D,tht,True
143.5989,-94.6658,-90.0,top,IC3,"74HC244D,653",SO20W,74244DW,tht,True
156.25,-92.1258,180.0,top,IC4,"74HC1G04GW,125",TSSOP5,74HC1G04GW,smt,True
124.5489,-128.9558,0.0,top,U$1,DNP,CARD36,GT_CART3GT_CARD,tht,True
