﻿Designator,Quantity,Value,Footprint,Package,MPN,DNP,Mount_Type,Sim.Device,Sim.Pins,Description
"BANKMUX0, GMUX0, GMUX1, GMUX2, GMUX3, VMUX0, VMUX1, VMUX2, VMUX3",9,74257N,TSSOP-16_4.4x5mm_P0.65mm,,"74HC257PW,118",,smt,,,
BLIT_BUS_SWITCH0,1,74640N,TSSOP-20_4.4x6.5mm_P0.65mm,,SN74HC640PWR,,smt,,,
"BLIT_REG_SELECTOR0, WR_REG_DECODE0",2,74HC238,TSSOP-16_4.4x5mm_P0.65mm,,CD74HCT238PWR,,smt,,,
"C1, C10, C11, C12, C13, C14, C15, C16, C17, C18, C19, C2, C20, C21, C22, C23, C24, C25, C26, C27, C28, C29, C3, C30, C31, C32, C33, C34, C35, C36, C37, C38, C39, C4, C40, C41, C42, C43, C44, C45, C46, C47, C48, C49, C5, C50, C51, C52, C53, C54, C55, C56, C59, C6, C60, C61, C62, C63, C7, C8, C9",61,0.1uF,C_0805_2012Metric,,CC0805KRX7R9BB104,,smt,,,
C57,1,10uF,C_0805_2012Metric,,CC0805MRX5R5BB106,,smt,,,
C58,1,100nF,C_0805_2012Metric,,CC0805KRX7R7BB104,,smt,,,
"C64, C65",2,22uF,C_0805_2012Metric,,CC0805MRX5R5BB226,,smt,,,
C66,1,C_Polarized,C_Radial_D6.3mm_H11.0mm_P2.50mm,,860020273009,,tht,,,
"CLK.SEQ0, IC1, IC12, IC7",4,7408N,TSSOP-14_4.4x5mm_P0.65mm,,CD74HC08PWR,,smt,,,
"CTR.H0, CTR.W0",2,CD40103,TSSOP-16_4.4x5mm_P0.65mm,,"74HC40103PW,118",,smt,,,
D1,1,1N4007,D_SOD-123F,,FR1M-LTP,,smt,D,1=K 2=A,
"EXTRA_BUTTON_1, EXTRA_BUTTON_2",2,PINHD-1X2,1X02,,DNI,,tht,,,
"GAMEPAD_SELECTOR0, IC9, TRIGGER.INIT0",3,7474N,TSSOP-14_4.4x5mm_P0.65mm,,"74AHCT74PW,118",,smt,,,
"GXH0, GXL0, GYH0, GYL0, VXH0, VXL0, VYH0, VYL0",8,74HC163,TSSOP-16_4.4x5mm_P0.65mm,,SN74HC163PWR,,smt,,,
"H1, H2, H3, H4",4,MountingHole_Pad,MountingHole_3.2mm_M3_Pad_TopBottom,,DNI,,tht,,,
"IC16, IC4, IC53",3,7404N,TSSOP-14_4.4x5mm_P0.65mm,,"74HC04PW,118",,smt,,,
"IC18, IC32",2,7432N,TSSOP-14_4.4x5mm_P0.65mm,,74AC32MTCX,,smt,,,
IC2,1,AP63205WU-7,TSOT-23-6,,AP63205WU-7,,smt,,,
IC20,1,7430N,TSSOP-14_4.4x5mm_P0.65mm,,"74AHC30PW,118",,smt,,,
"IC21, IC31, IC5",3,7400N,TSSOP-14_4.4x5mm_P0.65mm,,SN74HCS00PWR,,smt,,,
"IC3, PAD1REG0, PAD2REG0, REG.COLOR0, REG.FLAGS0, REG.GX0, REG.GY0, REG.H0, REG.VX0, REG.VY0, REG.W0",11,74573N,TSSOP-20_4.4x6.5mm_P0.65mm,,SN74AHC573PWR,,smt,,,
J1,1,Conn_01x26_Socket,HDL26-SL-B,,HDL26-SL-B,,tht,,,
J2,1,JACK-PLUG0,BarrelJack_GCT_DCJ200-10-A_Horizontal,,DCJ200-10-A-K1-K,,tht,,,
"JP1, RESET_SW_HDR0",2,PINHD-1X2,PinHeader_1x02_P2.54mm_Vertical_SMD_Pin1Right,,TSM-102-01-L-SV-TR,,smt,,,
L1,1,4.7uH,L_1008_2520Metric,,CIGW252010GL4R7MNE,,smt,,,
LED1,1,LED5MM,PinHeader_1x02_P2.54mm_Vertical_SMD_Pin1Right,,TSM-102-01-L-SV-TR,,smt,,,
"PORT1, PORT2",2,M09-182,182-009-MALE,,LD09P13A4GX00LF,,tht,,,
"R1, R2, R3, R4, R5, R6, R7",7,3.3k,R_0805_2012Metric,,RC0805FR-073K3L,,smt,,,
R16,1,150,R_0805_2012Metric,,RC0805FR-07150RL,,smt,,,
SEQGEN_XOR0,1,7486N,TSSOP-14_4.4x5mm_P0.65mm,,"74AHC86PW,118",,smt,,,
TOPDECODER0,1,74139N,TSSOP-16_4.4x5mm_P0.65mm,,SN74HC139PWR,,smt,,,
TO_AUDIO_PROCESSOR1,1,TO_AUDIO,F34G1A7Q1E8C40,,F34G-1A7Q1-E8C40 ,,smt,,,
TO_FRAMEBUFFER1,1,TO_VIDEO,F34G1A7Q1E8C40,,F34G-1A7Q1-E8C40 ,,smt,,,
U$2,1,OSCILLATORMODULEDIL14,Oscillator_SMD_IQD_IQXO70-4Pin_7.5x5.0mm_HandSoldering,,DNI,,smt,,,
U$3,1,GT_CART3GT_SLOT,SLOT36,,5530843-3,,tht,,,
U$4,1,AS6C4008,TSOP-I-32_offset_nums,,AS6C4008-55TIN,,smt,,,
U$5,1,SRAM_32K,TSOP-I-28_offset_nums,,AS7C256A-15TIN,,smt,,,
U$6,1,74AC161,SOIC-16_3.9x9.9mm_P1.27mm,,CD74AC161M96,,smt,,,
U1,1,W65C02SP,6502_QFP,,W65C02S6TQG-14,,smt,,,
U2,1,VIA,6522_QFP,,W65C22S6TQG-14,,smt,,,
U3,1,GFXL,TSSOP-14_4.4x5mm_P0.65mm,,"74AHC86PW,118",,smt,,,
U4,1,GFXH,TSSOP-14_4.4x5mm_P0.65mm,,"74AHC86PW,118",,smt,,,
U5,1,GFYL,TSSOP-14_4.4x5mm_P0.65mm,,"74AHC86PW,118",,smt,,,
U6,1,GFYH,TSSOP-14_4.4x5mm_P0.65mm,,"74AHC86PW,118",,smt,,,
U7,1,74LVC2G07,SOT-363_SC-70-6,,"74LVC2G07GW,125",,smt,,,
U8,1,MCP130-xxxxTT,SOT-23,,,,smt,,,"Microcontroller supervisory circuit with internal 5 kΩ pull-up, SOT-23"
