﻿pos_x,pos_y,rotation,side,designator,mpn,pack,value,mount_type,place
155.0,-105.0,0.0,top,H1,DNI,MountingHole_3.2mm_M3,MountingHole,tht,True
195.0,-105.0,0.0,top,H2,DNI,MountingHole_3.2mm_M3,MountingHole,tht,True
175.0,-100.8,90.0,top,IC1,SN74HC157DR,SOIC-16_3.9x9.9mm_P1.27mm,74157N,smt,True
175.0,-108.0,180.0,top,JP1,DNI,1X09,PINHD-1X9,tht,True
137.6,-93.3,-45.0,top,R1,RC0805FR-073K3L,R_0805_2012Metric,R-US_0207/10,smt,True
137.0,-116.9,-45.0,top,R2,RC0805FR-073K3L,R_0805_2012Metric,R-US_0207/10,smt,True
120.1,-116.2,-45.0,top,R3,RC0805FR-073K3L,R_0805_2012Metric,R-US_0207/10,smt,True
146.2,-109.1,-135.0,top,R4,RC0805FR-073K3L,R_0805_2012Metric,R-US_0207/10,smt,True
209.5,-116.5,45.0,top,R5,RC0805FR-073K3L,R_0805_2012Metric,R-US_0207/10,smt,True
234.2,-114.4,-135.0,top,R6,RC0805FR-073K3L,R_0805_2012Metric,R-US_0207/10,smt,True
181.8,-91.5,45.0,top,R7,RC0805FR-073K3L,R_0805_2012Metric,R-US_0207/10,smt,True
207.2,-105.3,-135.0,top,R8,RC0805FR-073K3L,R_0805_2012Metric,R-US_0207/10,smt,True
130.0,-95.0,0.0,top,SW1,KSC2 TE 01J LFS,KSC-TE,SW_MEC_5E,smt,True
130.0,-115.0,0.0,top,SW2,KSC2 TE 01J LFS,KSC-TE,SW_MEC_5E,smt,True
120.0,-105.0,0.0,top,SW3,KSC2 TE 01J LFS,KSC-TE,SW_MEC_5E,smt,True
140.0,-105.0,0.0,top,SW4,KSC2 TE 01J LFS,KSC-TE,SW_MEC_5E,smt,True
220.0,-115.0,0.0,top,SW5,KSC2 TE 01J LFS,KSC-TE,SW_MEC_5E,smt,True
230.0,-105.0,0.0,top,SW6,KSC2 TE 01J LFS,KSC-TE,SW_MEC_5E,smt,True
175.0,-90.0,0.0,top,SW7,KSC2 TE 01J LFS,KSC-TE,SW_MEC_5E,smt,True
215.0,-100.0,0.0,top,SW8,KSC2 TE 01J LFS,KSC-TE,SW_MEC_5E,smt,True
